index,Mol_Name,RMSD_Align,RMSD_NotAlign
0,=,0.9635898755130048,1.1425604716551718
