index,Mol_Name,RMSD_Align,RMSD_NotAlign
0,0000,3.3058403495857513,4.2721514967253
