index,Mol_Name,RMSD_Align,RMSD_NotAlign
0,ligand,7.331708907035366,13.872614327065392
1,ligand,6.928150788272891,10.185384199143725
