index,Mol_Name,RMSD_Align,RMSD_NotAlign
0,0:0:0,0.3058929653002881,0.32293181813916483
