index,Mol_Name,RMSD_Align,RMSD_NotAlign
0,=,0.6658856879318399,0.7345107002541749
