index,Mol_Name,RMSD_Align,RMSD_NotAlign
0,0000,4.2053240316202585,10.080979514284524
