index,Mol_Name,RMSD_Align,RMSD_NotAlign
0,ligand,0.5499706545195558,0.6060466821203547
1,ligand,3.7279839649370805,10.33089160878306
