index,Mol_Name,RMSD_Align,RMSD_NotAlign
0,0:0:0,0.15740796842564897,0.17352855585456153
