index,Mol_Name,RMSD_Align,RMSD_NotAlign
0,=,3.3708959557973164,6.202275839274777
1,=,4.5743035753750405,10.894416776614555
