index,Mol_Name,RMSD_Align,RMSD_NotAlign
0,0000,4.967097167500372,12.310034769460344
