index,Mol_Name,RMSD_Align,RMSD_NotAlign
0,ligand,2.85073228374302,3.2345536875153837
1,ligand,2.468223401832723,6.114354087111788
