index,Mol_Name,RMSD_Align,RMSD_NotAlign
0,0:0:0,0.6737212422253137,0.7332256700537751
