index,Mol_Name,RMSD_Align,RMSD_NotAlign
0,=,0.6144697962058372,0.705380246048294
