index,Mol_Name,RMSD_Align,RMSD_NotAlign
0,0000,4.681461182516718,11.163802684447301
