index,Mol_Name,RMSD_Align,RMSD_NotAlign
0,ligand,3.9612174675675917,8.431626362321083
