index,Mol_Name,RMSD_Align,RMSD_NotAlign
0,ligand,0.5058503918542829,0.5692496954391597
1,ligand,4.727202512431775,10.506566861095333
