index,Mol_Name,RMSD_Align,RMSD_NotAlign
0,0:0:0,0.15571275192914885,0.1906615055457438
