index,Mol_Name,RMSD_Align,RMSD_NotAlign
0,,4.9806624148934375,11.04824316711531
