index,Mol_Name,RMSD_Align,RMSD_NotAlign
0,0000,5.270427827090412,11.562760517814025
