index,Mol_Name,RMSD_Align,RMSD_NotAlign
0,ligand,5.469039540308359,11.338135877666787
