index,Mol_Name,RMSD_Align,RMSD_NotAlign
0,ligand,4.622255491073216,4.815517977316155
1,ligand,4.88923423907251,7.533305852168677
