index,Mol_Name,RMSD_Align,RMSD_NotAlign
0,0:0:0,4.572456141613252,12.28357038693248
