index,Mol_Name,RMSD_Align,RMSD_NotAlign
0,=,7.23778336057159,9.881229207595482
