index,Mol_Name,RMSD_Align,RMSD_NotAlign
0,0000,3.915731506616687,10.524864183037824
