index,Mol_Name,RMSD_Align,RMSD_NotAlign
0,ligand,6.362479591547657,15.081287781778965
1,ligand,6.7500520108944855,14.879857264096097
