index,Mol_Name,RMSD_Align,RMSD_NotAlign
0,0:0:0,0.5701318730757058,0.6022017659904572
