index,Mol_Name,RMSD_Align,RMSD_NotAlign
0,=,4.44028037205512,4.932737147925022
1,=,2.4329757265745644,2.9851479976580855
