index,Mol_Name,RMSD_Align,RMSD_NotAlign
0,0000,5.087934259947147,11.850404743550914
