index,Mol_Name,RMSD_Align,RMSD_NotAlign
0,ligand,4.517146523501211,5.144899741718749
1,ligand,4.925549555960295,5.9312309220800845
