index,Mol_Name,RMSD_Align,RMSD_NotAlign
0,0:0:0,2.4937619177715478,3.206104059952945
