index,Mol_Name,RMSD_Align,RMSD_NotAlign
0,=,5.926501852178871,12.074799014051111
