index,Mol_Name,RMSD_Align,RMSD_NotAlign
0,0000,4.167267891818652,13.537453419649841
