index,Mol_Name,RMSD_Align,RMSD_NotAlign
0,ligand,4.408264092640251,18.65415769393703
1,ligand,5.910235661046016,16.626203357383822
