index,Mol_Name,RMSD_Align,RMSD_NotAlign
0,0:0:0,0.4020360588879753,0.42303454909703253
