index,Mol_Name,RMSD_Align,RMSD_NotAlign
0,=,6.772491575444028,7.2605916625780385
