index,Mol_Name,RMSD_Align,RMSD_NotAlign
0,0000,5.781405454926335,17.302241103791175
