index,Mol_Name,RMSD_Align,RMSD_NotAlign
0,ligand,3.3497682007357947,16.843157795281268
