index,Mol_Name,RMSD_Align,RMSD_NotAlign
0,ligand,5.47753450261745,8.746088111596748
1,ligand,5.404879331466201,6.220015731304417
