index,Mol_Name,RMSD_Align,RMSD_NotAlign
0,0:0:0,2.1389558030422005,3.3760548584074797
