index,Mol_Name,RMSD_Align,RMSD_NotAlign
0,=,2.444169428156433,2.746679629726215
