index,Mol_Name,RMSD_Align,RMSD_NotAlign
0,0000,6.541287196872505,11.022739872943944
