index,Mol_Name,RMSD_Align,RMSD_NotAlign
0,ligand,5.199176954957266,5.429556639260813
1,ligand,8.187837788560515,14.127354130867575
