index,Mol_Name,RMSD_Align,RMSD_NotAlign
0,0:0:0,1.2533523702507654,1.2647568583351827
