index,Mol_Name,RMSD_Align,RMSD_NotAlign
0,=,0.8911655279144229,1.004173024395237
