index,Mol_Name,RMSD_Align,RMSD_NotAlign
0,0000,3.1541819194397385,10.70007300590479
