index,Mol_Name,RMSD_Align,RMSD_NotAlign
0,ligand,0.5483856878319442,0.5952064760038509
1,ligand,6.803154457248595,9.15137585779403
