index,Mol_Name,RMSD_Align,RMSD_NotAlign
0,ligand,4.413689789464767,10.088942282366524
