index,Mol_Name,RMSD_Align,RMSD_NotAlign
0,0:0:0,0.8108021207227686,0.8577784140082222
