index,Mol_Name,RMSD_Align,RMSD_NotAlign
0,=,5.293445193831788,9.166842116923918
1,=,3.538949397668965,9.567567802260271
