index,Mol_Name,RMSD_Align,RMSD_NotAlign
0,0000,1.136848208091272,1.504420855346003
