index,Mol_Name,RMSD_Align,RMSD_NotAlign
0,ligand,0.8744815150997798,1.1929693050166332
1,ligand,5.047172164243261,10.07595940521761
