index,Mol_Name,RMSD_Align,RMSD_NotAlign
0,ligand,3.2522914712429034,4.1987380170632465
