index,Mol_Name,RMSD_Align,RMSD_NotAlign
0,0:0:0,0.9047324469456113,0.9410682174159893
