index,Mol_Name,RMSD_Align,RMSD_NotAlign
0,=,6.688245284330879,12.92523813376982
