index,Mol_Name,RMSD_Align,RMSD_NotAlign
0,0000,5.116029089471838,8.313234457045478
