index,Mol_Name,RMSD_Align,RMSD_NotAlign
0,ligand,6.822143746049432,10.190836316837562
1,ligand,6.669602195974694,10.709197390126159
