index,Mol_Name,RMSD_Align,RMSD_NotAlign
0,ligand,4.371686796995237,14.219305912457708
