index,Mol_Name,RMSD_Align,RMSD_NotAlign
0,0:0:0,0.0617878141862948,0.08869228549794685
