index,Mol_Name,RMSD_Align,RMSD_NotAlign
0,=,5.542179654144916,11.868294033444785
1,=,5.056580743785839,14.777007063787503
