index,Mol_Name,RMSD_Align,RMSD_NotAlign
0,0000,7.708959576238152,11.776850118867015
