index,Mol_Name,RMSD_Align,RMSD_NotAlign
0,ligand,7.954907800856775,8.852998421882242
1,ligand,7.302682068312754,15.836315382376911
