index,Mol_Name,RMSD_Align,RMSD_NotAlign
0,0:0:0,1.5298148569494834,1.7869873006510624
